ident|type|name|latitude_deg|longitude_deg|elevation_ft|continent|iso_country|iso_region|municipality|gps_code|iata_code|local_code
AMC|large_airport|Mar de Cortés International Airport|31.35162125|-113.3058643|71|NA|MX|MX-SON|Puerto Peñasco|||AMC
AYPY|large_airport|Port Moresby Jacksons International Airport|-9.443380356|147.2200012|146|OC|PG|PG-NCD|Port Moresby|AYPY|POM|
BIKF|large_airport|Keflavik International Airport|63.98500061|-22.60560036|171|EU|IS|IS-2|Reykjavík|BIKF|KEF|
BKPR|large_airport|Priština International Airport|42.57279968|21.03580093|1789|EU|KS|KS-U-A|Prishtina|BKPR|PRN|
CYEG|large_airport|Edmonton International Airport|53.30970001|-113.5800018|2373|NA|CA|CA-AB|Edmonton|CYEG|YEG|CYEG
CYHZ|large_airport|Halifax / Stanfield International Airport|44.88079834|-63.50859833|477|NA|CA|CA-NS|Halifax|CYHZ|YHZ|
CYOW|large_airport|Ottawa Macdonald-Cartier International Airport|45.32249832|-75.66919708|374|NA|CA|CA-ON|Ottawa|CYOW|YOW|YOW
CYQB|large_airport|Quebec Jean Lesage International Airport|46.79109955|-71.39330292|244|NA|CA|CA-QC|Quebec|CYQB|YQB|YQB
CYUL|large_airport|Montreal / Pierre Elliott Trudeau International Airport|45.47060013|-73.74079895|118|NA|CA|CA-QC|Montréal|CYUL|YUL|YUL
CYVR|large_airport|Vancouver International Airport|49.19390106|-123.1839981|14|NA|CA|CA-BC|Vancouver|CYVR|YVR|
CYWG|large_airport|Winnipeg / James Armstrong Richardson International Airport|49.90999985|-97.23989868|783|NA|CA|CA-MB|Winnipeg|CYWG|YWG|YWG
CYXU|large_airport|London Airport|43.03559875|-81.15390015|912|NA|CA|CA-ON|London|CYXU|YXU|
CYYC|large_airport|Calgary International Airport|51.11389923|-114.0199966|3557|NA|CA|CA-AB|Calgary|CYYC|YYC|
CYYJ|large_airport|Victoria International Airport|48.64690018|-123.4260025|63|NA|CA|CA-BC|Victoria|CYYJ|YYJ|
CYYT|large_airport|St. John's International Airport|47.61859894|-52.75189972|461|NA|CA|CA-NL|St. John's|CYYT|YYT|
CYYZ|large_airport|Lester B. Pearson International Airport|43.67720032|-79.63059998|569|NA|CA|CA-ON|Toronto|CYYZ|YYZ|YYZ
DAAG|large_airport|Houari Boumediene Airport|36.69100189|3.215409994|82|AF|DZ|DZ-35|Algiers|DAAG|ALG|
DGAA|large_airport|Kotoka International Airport|5.6051898|-0.166786|205|AF|GH|GH-AA|Accra|DGAA|ACC|
DNAA|large_airport|Nnamdi Azikiwe International Airport|9.006790161|7.263169765|1123|AF|NG|NG-FC|Abuja|DNAA|ABV|
DNAI|large_airport|Akwa Ibom International Airport|4.8725|8.093|170|AF|NG|NG-AK|Uyo|DNAI|QUO|
DNMM|large_airport|Murtala Muhammed International Airport|6.577370167|3.321160078|135|AF|NG|NG-LA|Lagos|DNMM|LOS|
DTTA|large_airport|Tunis Carthage International Airport|36.85100174|10.22719955|22|AF|TN|TN-11|Tunis|DTTA|TUN|
EBBR|large_airport|Brussels Airport|50.90140152|4.48443985|184|EU|BE|BE-BRU|Brussels|EBBR|BRU|
EBCI|large_airport|Brussels South Charleroi Airport|50.45920181|4.453820229|614|EU|BE|BE-WHT|Brussels|EBCI|CRL|
EBLG|large_airport|Liège Airport|50.63740158|5.443220139|659|EU|BE|BE-WLG|Liège|EBLG|LGG|
EDDB|large_airport|Berlin-Schönefeld International Airport|52.38000107|13.52250004|157|EU|DE|DE-BR|Berlin|EDDB|SXF|
EDDC|large_airport|Dresden Airport|51.13280106|13.76720047|755|EU|DE|DE-SN|Dresden|EDDC|DRS|
EDDF|large_airport|Frankfurt am Main International Airport|50.02640152|8.543129921|364|EU|DE|DE-HE|Frankfurt-am-Main|EDDF|FRA|
EDDG|large_airport|Münster Osnabrück Airport|52.13460159|7.684830189|160|EU|DE|DE-NW|Münster|EDDG|FMO|
EDDH|large_airport|Hamburg Airport|53.63040161|9.988229752|53|EU|DE|DE-HH|Hamburg|EDDH|HAM|
EDDK|large_airport|Cologne Bonn Airport|50.86589813|7.142739773|302|EU|DE|DE-NW|Cologne|EDDK|CGN|
EDDL|large_airport|Düsseldorf International Airport|51.28950119|6.7667799|147|EU|DE|DE-NW|Düsseldorf|EDDL|DUS|
EDDM|large_airport|Munich International Airport|48.35380173|11.78610039|1487|EU|DE|DE-BY|Munich|EDDM|MUC|
EDDN|large_airport|Nuremberg Airport|49.49869919|11.06690025|1046|EU|DE|DE-BY|Nuremberg|EDDN|NUE|
EDDP|large_airport|Leipzig Halle Airport|51.43239975|12.24160004|465|EU|DE|DE-SN|Leipzig|EDDP|LEJ|
EDDS|large_airport|Stuttgart Airport|48.68989944|9.221960068|1276|EU|DE|DE-BW|Stuttgart|EDDS|STR|
EDDT|large_airport|Berlin-Tegel International Airport|52.55970001|13.2876997|122|EU|DE|DE-BE|Berlin|EDDT|TXL|
EDDV|large_airport|Hannover Airport|52.46110153|9.685079575|183|EU|DE|DE-NI|Hannover|EDDV|HAJ|
EDDW|large_airport|Bremen Airport|53.04750061|8.786669731|14|EU|DE|DE-HB|Bremen|EDDW|BRE|
EDLW|large_airport|Dortmund Airport|51.5182991|7.612239838|425|EU|DE|DE-NW|Dortmund|EDLW|DTM|
EDSB|large_airport|Karlsruhe Baden-Baden Airport|48.77939987|8.080499649|408|EU|DE|DE-BW|Baden-Baden|EDSB|FKB|
EETN|large_airport|Tallinn Airport|59.41329956|24.83279991|131|EU|EE|EE-37|Tallinn|EETN|TLL|
EFHK|large_airport|Helsinki Vantaa Airport|60.31719971|24.9633007|179|EU|FI|FI-ES|Helsinki|EFHK|HEL|
EGAA|large_airport|Belfast International Airport|54.65750122|-6.215829849|268|EU|GB|GB-NIR|Belfast|EGAA|BFS|
EGAC|large_airport|George Best Belfast City Airport|54.61809921|-5.872499943|15|EU|GB|GB-NIR|Belfast|EGAC|BHD|
EGBB|large_airport|Birmingham International Airport|52.45389938|-1.748029947|327|EU|GB|GB-ENG|Birmingham|EGBB|BHX|
EGCC|large_airport|Manchester Airport|53.35369873|-2.274950027|257|EU|GB|GB-ENG|Manchester|EGCC|MAN|
EGCN|large_airport|Robin Hood Doncaster Sheffield Airport|53.48053781|-1.010656357|55|EU|GB|GB-ENG|Doncaster|EGCN|DSA|
EGFF|large_airport|Cardiff International Airport|51.39670181|-3.343329906|220|EU|GB|GB-WLS|Cardiff|EGFF|CWL|
EGGD|large_airport|Bristol International Airport|51.38270187|-2.719089985|622|EU|GB|GB-ENG|Bristol|EGGD|BRS|
EGGP|large_airport|Liverpool John Lennon Airport|53.33359909|-2.849720001|80|EU|GB|GB-ENG|Liverpool|EGGP|LPL|
EGGW|large_airport|London Luton Airport|51.87469864|-0.368333012|526|EU|GB|GB-ENG|London|EGGW|LTN|
EGHH|large_airport|Bournemouth Airport|50.77999878|-1.842499971|38|EU|GB|GB-ENG|Bournemouth|EGHH|BOH|
EGHI|large_airport|Southampton Airport|50.95029831|-1.35679996|44|EU|GB|GB-ENG|Southampton|EGHI|SOU|
EGKK|large_airport|London Gatwick Airport|51.14810181|-0.190277994|202|EU|GB|GB-ENG|London|EGKK|LGW|
EGLC|large_airport|London City Airport|51.50529861|0.055277999|19|EU|GB|GB-ENG|London|EGLC|LCY|
EGLL|large_airport|London Heathrow Airport|51.47060013|-0.461941004|83|EU|GB|GB-ENG|London|EGLL|LHR|
EGNM|large_airport|Leeds Bradford Airport|53.86589813|-1.660570025|681|EU|GB|GB-ENG|Leeds|EGNM|LBA|
EGNT|large_airport|Newcastle Airport|55.03749847|-1.691669941|266|EU|GB|GB-ENG|Newcastle|EGNT|NCL|
EGNX|large_airport|East Midlands Airport|52.83110046|-1.328060031|306|EU|GB|GB-ENG|Nottingham|EGNX|EMA|
EGPD|large_airport|Aberdeen Dyce Airport|57.20190048|-2.197779894|215|EU|GB|GB-SCT|Aberdeen|EGPD|ABZ|
EGPF|large_airport|Glasgow International Airport|55.87189865|-4.433060169|26|EU|GB|GB-SCT|Glasgow|EGPF|GLA|
EGPH|large_airport|Edinburgh Airport|55.95000076|-3.372499943|135|EU|GB|GB-SCT|Edinburgh|EGPH|EDI|
EGSH|large_airport|Norwich International Airport|52.67580032|1.282780051|117|EU|GB|GB-ENG|Norwich|EGSH|NWI|
EGSS|large_airport|London Stansted Airport|51.88499832|0.234999999|348|EU|GB|GB-ENG|London|EGSS|STN|
EGTE|large_airport|Exeter International Airport|50.7344017|-3.413889885|102|EU|GB|GB-ENG|Exeter|EGTE|EXT|
EGUL|large_airport|RAF Lakenheath|52.40930176|0.56099999|32|EU|GB|GB-ENG|Lakenheath|EGUL|LKZ|
EGUN|large_airport|RAF Mildenhall|52.36190033|0.486405998|33|EU|GB|GB-ENG|Mildenhall|EGUN|MHZ|
EGVA|large_airport|RAF Fairford|51.68220139|-1.790030003|286|EU|GB|GB-ENG|Fairford|EGVA|FFD|
EGVN|large_airport|RAF Brize Norton|51.75|-1.583619952|288|EU|GB|GB-ENG|Brize Norton|EGVN|BZZ|
EHAM|large_airport|Amsterdam Airport Schiphol|52.30860138|4.76388979|-11|EU|NL|NL-NH|Amsterdam|EHAM|AMS|
EHBK|large_airport|Maastricht Aachen Airport|50.9117012|5.770140171|375|EU|NL|NL-LI|Maastricht|EHBK|MST|
EHEH|large_airport|Eindhoven Airport|51.45009995|5.374529839|74|EU|NL|NL-NB|Eindhoven|EHEH|EIN|
EICK|large_airport|Cork Airport|51.84130096|-8.491109848|502|EU|IE|IE-C|Cork|EICK|ORK|
EIDW|large_airport|Dublin Airport|53.42129898|-6.270070076|242|EU|IE|IE-D|Dublin|EIDW|DUB|
EINN|large_airport|Shannon Airport|52.70199966|-8.924819946|46|EU|IE|IE-CE|Shannon|EINN|SNN|
EKBI|large_airport|Billund Airport|55.74029922|9.151780128|247|EU|DK|DK-83|Billund|EKBI|BLL|
EKCH|large_airport|Copenhagen Kastrup Airport|55.61790085|12.65600014|17|EU|DK|DK-84|Copenhagen|EKCH|CPH|
EKYT|large_airport|Aalborg Airport|57.09275891|9.849243164|10|EU|DK|DK-81|Aalborg|EKYT|AAL|
ELLX|large_airport|Luxembourg-Findel International Airport|49.62659836|6.211520195|1234|EU|LU|LU-L|Luxembourg|ELLX|LUX|
ENBO|large_airport|Bodø Airport|67.26920319|14.36530018|42|EU|NO|NO-18|Bodø|ENBO|BOO|
ENGM|large_airport|Oslo Gardermoen Airport|60.19390106|11.10039997|681|EU|NO|NO-02|Oslo|ENGM|OSL|
ENTC|large_airport|Tromsø Airport|69.6832962|18.91889954|31|EU|NO|NO-19|Tromsø|ENTC|TOS|
EPGD|large_airport|Gdańsk Lech Wałęsa Airport|54.37760162|18.46619987|489|EU|PL|PL-PM|Gdańsk|EPGD|GDN|
EPKK|large_airport|John Paul II International Airport Kraków-Balice Airport|50.07770157|19.78479958|791|EU|PL|PL-MA|Kraków|EPKK|KRK|
EPKT|large_airport|Katowice International Airport|50.47430038|19.07999992|995|EU|PL|PL-SL|Katowice|EPKT|KTW|
EPMO|large_airport|Modlin Airport|52.4510994|20.65180016|341|EU|PL|PL-MZ|Warsaw|EPMO|WMI|
EPPO|large_airport|Poznań-Ławica Airport|52.42100143|16.82629967|308|EU|PL|PL-WP|Poznań|EPPO|POZ|
EPWA|large_airport|Warsaw Chopin Airport|52.16569901|20.96710014|362|EU|PL|PL-MZ|Warsaw|EPWA|WAW|
EPWR|large_airport|Copernicus Wrocław Airport|51.10269928|16.88579941|404|EU|PL|PL-DS|Wrocław|EPWR|WRO|
ESGG|large_airport|Gothenburg-Landvetter Airport|57.66279984|12.27980042|506|EU|SE|SE-Q|Gothenburg|ESGG|GOT|
ESMS|large_airport|Malmö Sturup Airport|55.53630536|13.37619781|236|EU|SE|SE-M|Malmö|ESMS|MMX|
ESPA|large_airport|Luleå Airport|65.54380035|22.12199974|65|EU|SE|SE-BD|Luleå|ESPA|LLA|
ESSA|large_airport|Stockholm-Arlanda Airport|59.65190125|17.91860008|137|EU|SE|SE-AB|Stockholm|ESSA|ARN|
ETAR|large_airport|Ramstein Air Base|49.43690109|7.600279808|776|EU|DE|DE-RP|Ramstein|ETAR|RMS|
EVRA|large_airport|Riga International Airport|56.92359924|23.97109985|36|EU|LV|LV-RIX|Riga|EVRA|RIX|
EYVI|large_airport|Vilnius International Airport|54.63410187|25.28580093|646|EU|LT|LT-VL|Vilnius|EYVI|VNO|
FACT|large_airport|Cape Town International Airport|-33.96480179|18.60169983|151|AF|ZA|ZA-WC|Cape Town|FACT|CPT|
FAGG|large_airport|George Airport|-34.00559998|22.37890053|648|AF|ZA|ZA-WC|George|FAGG|GRJ|
FAJS|large_airport|OR Tambo International Airport|-26.13920021|28.24600029|5558|AF|ZA|ZA-GT|Johannesburg|FAOR|JNB|
FALE|large_airport|King Shaka International Airport|-29.61444444|31.11972222|295|AF|ZA|ZA-NL|Durban|FALE|DUR|
GCLP|large_airport|Gran Canaria Airport|27.93190002|-15.38659954|78|EU|ES|ES-CN|Gran Canaria Island|GCLP|LPA|
GCTS|large_airport|Tenerife South Airport|28.04450035|-16.57250023|209|EU|ES|ES-CN|Tenerife Island|GCTS|TFS|
GCXO|large_airport|Tenerife Norte Airport|28.48270035|-16.34149933|2076|EU|ES|ES-CN|Tenerife Island|GCXO|TFN|
GMMN|large_airport|Mohammed V International Airport|33.36750031|-7.589970112|656|AF|MA|MA-CAS|Casablanca|GMMN|CMN|
GOOY|large_airport|Léopold Sédar Senghor International Airport|14.73970032|-17.49020004|85|AF|SN|SN-DK|Dakar|GOOY|DKR|
HAAB|large_airport|Addis Ababa Bole International Airport|8.977890015|38.79930115|7630|AF|ET|ET-AA|Addis Ababa|HAAB|ADD|
HECA|large_airport|Cairo International Airport|30.12190056|31.40559959|382|AF|EG|EG-C|Cairo|HECA|CAI|
HEGN|large_airport|Hurghada International Airport|27.17830086|33.79940033|52|AF|EG|EG-BA|Hurghada|HEGN|HRG|
HKJK|large_airport|Jomo Kenyatta International Airport|-1.319239974|36.92779922|5330|AF|KE|KE-110|Nairobi|HKJK|NBO|
HKMO|large_airport|Mombasa Moi International Airport|-4.034830093|39.59420013|200|AF|KE|KE-300|Mombasa|HKMO|MBA|
HLLT|large_airport|Tripoli International Airport|32.66350174|13.1590004|263|AF|LY|LY-TB|Tripoli|HLLT|TIP|
HSSJ|large_airport|Juba International Airport|4.872010231|31.60110092|1513|AF|SS|SS-17|Juba|HSSJ|JUB|
HSSS|large_airport|Khartoum International Airport|15.58950043|32.55319977|1265|AF|SD|SD-03|Khartoum|HSSS|KRT|
ID-0017|large_airport|Sungai Siring International Airport|-0.373611|117.255556|82|AS|ID|ID-KI|Samarinda|||
ID-0018|large_airport|Medan/Kuala Namu International Airport|3.642222|98.885278||AS|ID|ID-SU||WIMM|KNO|
KABQ|large_airport|Albuquerque International Sunport Airport|35.04019928|-106.6090012|5355|NA|US|US-NM|Albuquerque|KABQ|ABQ|ABQ
KADW|large_airport|Andrews Air Force Base|38.81079865|-76.86699677|280|NA|US|US-MD|Camp Springs|KADW|ADW|ADW
KAFW|large_airport|Fort Worth Alliance Airport|32.98759842|-97.31880188|722|NA|US|US-TX|Fort Worth|KAFW|AFW|AFW
KAGS|large_airport|Augusta Regional At Bush Field|33.36989975|-81.96450043|144|NA|US|US-GA|Augusta|KAGS|AGS|AGS
KAMA|large_airport|Rick Husband Amarillo International Airport|35.2193985|-101.7060013|3607|NA|US|US-TX|Amarillo|KAMA|AMA|AMA
KATL|large_airport|Hartsfield Jackson Atlanta International Airport|33.63669968|-84.42810059|1026|NA|US|US-GA|Atlanta|KATL|ATL|ATL
KAUS|large_airport|Austin Bergstrom International Airport|30.19449997|-97.66989899|542|NA|US|US-TX|Austin|KAUS|AUS|AUS
KAVL|large_airport|Asheville Regional Airport|35.43619919|-82.54180145|2165|NA|US|US-NC|Asheville|KAVL|AVL|AVL
KBAB|large_airport|Beale Air Force Base|39.13610077|-121.4369965|113|NA|US|US-CA|Marysville|KBAB|BAB|BAB
KBAD|large_airport|Barksdale Air Force Base|32.50180054|-93.66269684|166|NA|US|US-LA|Bossier City|KBAD|BAD|BAD
KBDL|large_airport|Bradley International Airport|41.93889999|-72.68319702|173|NA|US|US-CT|Hartford|KBDL|BDL|BDL
KBFI|large_airport|Boeing Field King County International Airport|47.52999878|-122.302002|21|NA|US|US-WA|Seattle|KBFI|BFI|BFI
KBGR|large_airport|Bangor International Airport|44.80739975|-68.82810211|192|NA|US|US-ME|Bangor|KBGR|BGR|BGR
KBHM|large_airport|Birmingham-Shuttlesworth International Airport|33.56290054|-86.75350189|650|NA|US|US-AL|Birmingham|KBHM|BHM|BHM
KBIL|large_airport|Billings Logan International Airport|45.80770111|-108.5429993|3652|NA|US|US-MT|Billings|KBIL|BIL|BIL
KBLV|large_airport|Scott AFB/Midamerica Airport|38.54520035|-89.83519745|459|NA|US|US-IL|Belleville|KBLV|BLV|BLV
KBMI|large_airport|Central Illinois Regional Airport at Bloomington-Normal|40.47710037|-88.91590118|871|NA|US|US-IL|Bloomington/Normal|KBMI|BMI|BMI
KBNA|large_airport|Nashville International Airport|36.12450027|-86.67819977|599|NA|US|US-TN|Nashville|KBNA|BNA|BNA
KBOI|large_airport|Boise Air Terminal/Gowen field|43.56439972|-116.2229996|2871|NA|US|US-ID|Boise|KBOI|BOI|BOI
KBOS|large_airport|General Edward Lawrence Logan International Airport|42.36429977|-71.00520325|20|NA|US|US-MA|Boston|KBOS|BOS|BOS
KBUF|large_airport|Buffalo Niagara International Airport|42.94049835|-78.73220062|728|NA|US|US-NY|Buffalo|KBUF|BUF|BUF
KBWI|large_airport|Baltimore/Washington International Thurgood Marshall Airport|39.17539978|-76.66829681|146|NA|US|US-MD|Baltimore|KBWI|BWI|BWI
KCAE|large_airport|Columbia Metropolitan Airport|33.93880081|-81.11949921|236|NA|US|US-SC|Columbia|KCAE|CAE|CAE
KCBM|large_airport|Columbus Air Force Base|33.64379883|-88.44380188|219|NA|US|US-MS|Columbus|KCBM|CBM|CBM
KCHA|large_airport|Lovell Field|35.03530121|-85.20379639|683|NA|US|US-TN|Chattanooga|KCHA|CHA|CHA
KCHS|large_airport|Charleston Air Force Base-International Airport|32.89860153|-80.04049683|46|NA|US|US-SC|Charleston|KCHS|CHS|CHS
KCID|large_airport|The Eastern Iowa Airport|41.88470078|-91.71080017|869|NA|US|US-IA|Cedar Rapids|KCID|CID|CID
KCLE|large_airport|Cleveland Hopkins International Airport|41.4117012|-81.84980011|791|NA|US|US-OH|Cleveland|KCLE|CLE|CLE
KCLT|large_airport|Charlotte Douglas International Airport|35.2140007|-80.94309998|748|NA|US|US-NC|Charlotte|KCLT|CLT|CLT
KCMH|large_airport|Port Columbus International Airport|39.9980011|-82.89189911|815|NA|US|US-OH|Columbus|KCMH|CMH|CMH
KCOS|large_airport|City of Colorado Springs Municipal Airport|38.80580139|-104.7009964|6187|NA|US|US-CO|Colorado Springs|KCOS|COS|COS
KCPR|large_airport|Casper-Natrona County International Airport|42.90800095|-106.4639969|5350|NA|US|US-WY|Casper|KCPR|CPR|CPR
KCRP|large_airport|Corpus Christi International Airport|27.77039909|-97.50119781|44|NA|US|US-TX|Corpus Christi|KCRP|CRP|CRP
KCRW|large_airport|Yeager Airport|38.37310028|-81.59320068|981|NA|US|US-WV|Charleston|KCRW|CRW|CRW
KCVG|large_airport|Cincinnati Northern Kentucky International Airport|39.04880142|-84.6678009|896|NA|US|US-KY|Cincinnati|KCVG|CVG|CVG
KCVS|large_airport|Cannon Air Force Base|34.38280106|-103.3219986|4295|NA|US|US-NM|Clovis|KCVS|CVS|CVS
KDAL|large_airport|Dallas Love Field|32.8470993|-96.85179901|487|NA|US|US-TX|Dallas|KDAL|DAL|DAL
KDAY|large_airport|James M Cox Dayton International Airport|39.90240097|-84.2193985|1009|NA|US|US-OH|Dayton|KDAY|DAY|DAY
KDBQ|large_airport|Dubuque Regional Airport|42.40200043|-90.70950317|1077|NA|US|US-IA|Dubuque|KDBQ|DBQ|DBQ
KDCA|large_airport|Ronald Reagan Washington National Airport|38.85210037|-77.03769684|15|NA|US|US-DC|Washington|KDCA|DCA|DCA
KDEN|large_airport|Denver International Airport|39.86169815|-104.6729965|5431|NA|US|US-CO|Denver|KDEN|DEN|DEN
KDFW|large_airport|Dallas Fort Worth International Airport|32.89680099|-97.03800201|607|NA|US|US-TX|Dallas-Fort Worth|KDFW|DFW|DFW
KDLF|large_airport|Laughlin Air Force Base|29.35950089|-100.7779999|1082|NA|US|US-TX|Del Rio|KDLF|DLF|DLF
KDLH|large_airport|Duluth International Airport|46.84209824|-92.19360352|1428|NA|US|US-MN|Duluth|KDLH|DLH|DLH
KDOV|large_airport|Dover Air Force Base|39.12950134|-75.46600342|24|NA|US|US-DE|Dover|KDOV|DOV|DOV
KDSM|large_airport|Des Moines International Airport|41.5340004|-93.6631012|958|NA|US|US-IA|Des Moines|KDSM|DSM|DSM
KDTW|large_airport|Detroit Metropolitan Wayne County Airport|42.21239853|-83.35340118|645|NA|US|US-MI|Detroit|KDTW|DTW|DTW
KDYS|large_airport|Dyess Air Force Base|32.42079926|-99.854599|1789|NA|US|US-TX|Abilene|KDYS|DYS|DYS
KEDW|large_airport|Edwards Air Force Base|34.90539932|-117.8840027|2312|NA|US|US-CA|Edwards|KEDW||EDW
KEND|large_airport|Vance Air Force Base|36.33919907|-97.91649628|1307|NA|US|US-OK|Enid|KEND|END|END
KERI|large_airport|Erie International Tom Ridge Field|42.08312701|-80.17386675|732|NA|US|US-PA|Erie|KERI|ERI|ERI
KEWR|large_airport|Newark Liberty International Airport|40.69250107|-74.16870117|18|NA|US|US-NJ|Newark|KEWR|EWR|EWR
KFFO|large_airport|Wright-Patterson Air Force Base|39.8260994|-84.0483017|823|NA|US|US-OH|Dayton|KFFO|FFO|FFO
KFLL|large_airport|Fort Lauderdale Hollywood International Airport|26.07259941|-80.15270233|9|NA|US|US-FL|Fort Lauderdale|KFLL|FLL|FLL
KFSM|large_airport|Fort Smith Regional Airport|35.33660126|-94.36740112|469|NA|US|US-AR|Fort Smith|KFSM|FSM|FSM
KFTW|large_airport|Fort Worth Meacham International Airport|32.81980133|-97.36239624|710|NA|US|US-TX|Fort Worth|KFTW|FTW|FTW
KFWA|large_airport|Fort Wayne International Airport|40.97850037|-85.19509888|814|NA|US|US-IN|Fort Wayne|KFWA|FWA|FWA
KGEG|large_airport|Spokane International Airport|47.61989975|-117.5339966|2376|NA|US|US-WA|Spokane|KGEG|GEG|GEG
KGPT|large_airport|Gulfport Biloxi International Airport|30.40730095|-89.07009888|28|NA|US|US-MS|Gulfport|KGPT|GPT|GPT
KGRB|large_airport|Austin Straubel International Airport|44.48509979|-88.12960052|695|NA|US|US-WI|Green Bay|KGRB|GRB|GRB
KGSB|large_airport|Seymour Johnson Air Force Base|35.33940125|-77.96060181|109|NA|US|US-NC|Goldsboro|KGSB|GSB|GSB
KGSO|large_airport|Piedmont Triad International Airport|36.09780121|-79.93730164|925|NA|US|US-NC|Greensboro|KGSO|GSO|GSO
KGSP|large_airport|Greenville Spartanburg International Airport|34.89569855|-82.21890259|964|NA|US|US-SC|Greenville|KGSP|GSP|GSP
KGUS|large_airport|Grissom Air Reserve Base|40.64810181|-86.15209961|812|NA|US|US-IN|Peru|KGUS|GUS|GUS
KHIB|large_airport|Range Regional Airport|47.38660049|-92.83899689|1354|NA|US|US-MN|Hibbing|KHIB|HIB|HIB
KHMN|large_airport|Holloman Air Force Base|32.85250092|-106.1070023|4093|NA|US|US-NM|Alamogordo|KHMN|HMN|HMN
KHOU|large_airport|William P Hobby Airport|29.64539909|-95.27890015|46|NA|US|US-TX|Houston|KHOU|HOU|HOU
KHSV|large_airport|Huntsville International Carl T Jones Field|34.6371994|-86.77510071|629|NA|US|US-AL|Huntsville|KHSV|HSV|HSV
KHTS|large_airport|Tri-State/Milton J. Ferguson Field|38.36669922|-82.55799866|828|NA|US|US-WV|Huntington|KHTS|HTS|HTS
KIAD|large_airport|Washington Dulles International Airport|38.94449997|-77.45580292|312|NA|US|US-DC|Washington|KIAD|IAD|IAD
KIAH|large_airport|George Bush Intercontinental Houston Airport|29.9843998|-95.34140015|97|NA|US|US-TX|Houston|KIAH|IAH|IAH
KICT|large_airport|Wichita Mid Continent Airport|37.64989853|-97.43309784|1333|NA|US|US-KS|Wichita|KICT|ICT|ICT
KIND|large_airport|Indianapolis International Airport|39.71730042|-86.29440308|797|NA|US|US-IN|Indianapolis|KIND|IND|IND
KJAN|large_airport|Jackson-Medgar Wiley Evers International Airport|32.31119919|-90.07589722|346|NA|US|US-MS|Jackson|KJAN|JAN|JAN
KJAX|large_airport|Jacksonville International Airport|30.49410057|-81.68789673|30|NA|US|US-FL|Jacksonville|KJAX|JAX|JAX
KJFK|large_airport|John F Kennedy International Airport|40.63980103|-73.77890015|13|NA|US|US-NY|New York|KJFK|JFK|JFK
KJLN|large_airport|Joplin Regional Airport|37.15179825|-94.49829865|981|NA|US|US-MO|Joplin|KJLN|JLN|JLN
KLAS|large_airport|McCarran International Airport|36.08010101|-115.1520004|2181|NA|US|US-NV|Las Vegas|KLAS|LAS|LAS
KLAX|large_airport|Los Angeles International Airport|33.94250107|-118.4079971|125|NA|US|US-CA|Los Angeles|KLAX|LAX|LAX
KLBB|large_airport|Lubbock Preston Smith International Airport|33.66360092|-101.822998|3282|NA|US|US-TX|Lubbock|KLBB|LBB|LBB
KLCK|large_airport|Rickenbacker International Airport|39.81380081|-82.92780304|744|NA|US|US-OH|Columbus|KLCK|LCK|LCK
KLEX|large_airport|Blue Grass Airport|38.03649902|-84.60590363|979|NA|US|US-KY|Lexington|KLEX|LEX|LEX
KLFI|large_airport|Langley Air Force Base|37.082901|-76.36049652|11|NA|US|US-VA|Hampton|KLFI|LFI|LFI
KLFT|large_airport|Lafayette Regional Airport|30.20529938|-91.98760223|42|NA|US|US-LA|Lafayette|KLFT|LFT|LFT
KLGA|large_airport|La Guardia Airport|40.77719879|-73.87259674|21|NA|US|US-NY|New York|KLGA|LGA|LGA
KLIT|large_airport|Bill & Hillary Clinton National Airport/Adams Field|34.72940063|-92.22429657|262|NA|US|US-AR|Little Rock|KLIT|LIT|LIT
KLTS|large_airport|Altus Air Force Base|34.667099|-99.26670074|1382|NA|US|US-OK|Altus|KLTS|LTS|LTS
KLUF|large_airport|Luke Air Force Base|33.53499985|-112.3830032|1085|NA|US|US-AZ|Glendale|KLUF|LUF|LUF
KMBS|large_airport|MBS International Airport|43.53290176|-84.07959747|668|NA|US|US-MI|Saginaw|KMBS|MBS|MBS
KMCF|large_airport|Mac Dill Air Force Base|27.84930038|-82.52120209|14|NA|US|US-FL|Tampa|KMCF||MCF
KMCI|large_airport|Kansas City International Airport|39.29759979|-94.71389771|1026|NA|US|US-MO|Kansas City|KMCI|MCI|MCI
KMCO|large_airport|Orlando International Airport|28.42939949|-81.30899811|96|NA|US|US-FL|Orlando|KMCO|MCO|MCO
KMDW|large_airport|Chicago Midway International Airport|41.7859993|-87.75240326|620|NA|US|US-IL|Chicago|KMDW|MDW|MDW
KMEM|large_airport|Memphis International Airport|35.04240036|-89.97669983|341|NA|US|US-TN|Memphis|KMEM|MEM|MEM
KMGE|large_airport|Dobbins Air Reserve Base Airport|33.91540146|-84.51629639|1068|NA|US|US-GA|Marietta|KMGE||MGE
KMGM|large_airport|Montgomery Regional (Dannelly Field) Airport|32.30059814|-86.39399719|221|NA|US|US-AL|Montgomery|KMGM|MGM|MGM
KMHT|large_airport|Manchester Airport|42.93259811|-71.43569946|266|NA|US|US-NH|Manchester|KMHT|MHT|MHT
KMIA|large_airport|Miami International Airport|25.79319954|-80.29060364|8|NA|US|US-FL|Miami|KMIA|MIA|MIA
KMKE|large_airport|General Mitchell International Airport|42.94720078|-87.89659882|723|NA|US|US-WI|Milwaukee|KMKE|MKE|MKE
KMLI|large_airport|Quad City International Airport|41.44850159|-90.50749969|590|NA|US|US-IL|Moline|KMLI|MLI|MLI
KMLU|large_airport|Monroe Regional Airport|32.51089859|-92.03769684|79|NA|US|US-LA|Monroe|KMLU|MLU|MLU
KMOB|large_airport|Mobile Regional Airport|30.69120026|-88.24279785|219|NA|US|US-AL|Mobile|KMOB|MOB|MOB
KMSN|large_airport|Dane County Regional Truax Field|43.13990021|-89.33750153|887|NA|US|US-WI|Madison|KMSN|MSN|MSN
KMSP|large_airport|Minneapolis-St Paul International/Wold-Chamberlain Airport|44.88199997|-93.22180176|841|NA|US|US-MN|Minneapolis|KMSP|MSP|MSP
KMSY|large_airport|Louis Armstrong New Orleans International Airport|29.99340057|-90.25800323|4|NA|US|US-LA|New Orleans|KMSY|MSY|MSY
KMUO|large_airport|Mountain Home Air Force Base|43.04359818|-115.8720016|2996|NA|US|US-ID|Mountain Home|KMUO||MUO
KOAK|large_airport|Metropolitan Oakland International Airport|37.72129822|-122.2210007|9|NA|US|US-CA|Oakland|KOAK|OAK|OAK
KOKC|large_airport|Will Rogers World Airport|35.39310074|-97.60070038|1295|NA|US|US-OK|Oklahoma City|KOKC|OKC|OKC
KONT|large_airport|Ontario International Airport|34.05599976|-117.6009979|944|NA|US|US-CA|Ontario|KONT|ONT|ONT
KORD|large_airport|Chicago O'Hare International Airport|41.97859955|-87.90480042|672|NA|US|US-IL|Chicago|KORD|ORD|ORD
KORF|large_airport|Norfolk International Airport|36.89459991|-76.20120239|26|NA|US|US-VA|Norfolk|KORF|ORF|ORF
KPAM|large_airport|Tyndall Air Force Base|30.06959915|-85.57540131|17|NA|US|US-FL|Panama City|KPAM|PAM|PAM
KPBI|large_airport|Palm Beach International Airport|26.68320084|-80.09559631|19|NA|US|US-FL|West Palm Beach|KPBI|PBI|PBI
KPDX|large_airport|Portland International Airport|45.58869934|-122.5979996|31|NA|US|US-OR|Portland|KPDX|PDX|PDX
KPHF|large_airport|Newport News Williamsburg International Airport|37.13190079|-76.49299622|42|NA|US|US-VA|Newport News|KPHF|PHF|PHF
KPHL|large_airport|Philadelphia International Airport|39.87189865|-75.2410965|36|NA|US|US-PA|Philadelphia|KPHL|PHL|PHL
KPHX|large_airport|Phoenix Sky Harbor International Airport|33.43429947|-112.012001|1135|NA|US|US-AZ|Phoenix|KPHX|PHX|PHX
KPIA|large_airport|General Wayne A. Downing Peoria International Airport|40.66419983|-89.69329834|660|NA|US|US-IL|Peoria|KPIA|PIA|PIA
KPIT|large_airport|Pittsburgh International Airport|40.49150085|-80.23290253|1203|NA|US|US-PA|Pittsburgh|KPIT|PIT|PIT
KPWM|large_airport|Portland International Jetport Airport|43.64619827|-70.30930328|76|NA|US|US-ME|Portland|KPWM|PWM|PWM
KRDU|large_airport|Raleigh Durham International Airport|35.87760162|-78.78749847|435|NA|US|US-NC|Raleigh/Durham|KRDU|RDU|RDU
KRFD|large_airport|Chicago Rockford International Airport|42.19540024|-89.09719849|742|NA|US|US-IL|Chicago/Rockford|KRFD|RFD|RFD
KRIC|large_airport|Richmond International Airport|37.50519943|-77.31970215|167|NA|US|US-VA|Richmond|KRIC|RIC|RIC
KRND|large_airport|Randolph Air Force Base|29.52969933|-98.27890015|761|NA|US|US-TX|Universal City|KRND||RND
KRNO|large_airport|Reno Tahoe International Airport|39.49909973|-119.7679977|4415|NA|US|US-NV|Reno|KRNO|RNO|RNO
KROA|large_airport|Roanoke–Blacksburg Regional Airport|37.32550049|-79.97540283|1175|NA|US|US-VA|Roanoke|KROA|ROA|ROA
KROC|large_airport|Greater Rochester International Airport|43.1189003|-77.67240143|559|NA|US|US-NY|Rochester|KROC|ROC|ROC
KRST|large_airport|Rochester International Airport|43.90829849|-92.5|1317|NA|US|US-MN|Rochester|KRST|RST|RST
KRSW|large_airport|Southwest Florida International Airport|26.53619957|-81.75520325|30|NA|US|US-FL|Fort Myers|KRSW|RSW|RSW
KSAN|large_airport|San Diego International Airport|32.73360062|-117.1900024|17|NA|US|US-CA|San Diego|KSAN|SAN|SAN
KSAT|large_airport|San Antonio International Airport|29.53370094|-98.46980286|809|NA|US|US-TX|San Antonio|KSAT|SAT|SAT
KSAV|large_airport|Savannah Hilton Head International Airport|32.12760162|-81.20210266|50|NA|US|US-GA|Savannah|KSAV|SAV|SAV
KSBN|large_airport|South Bend Regional Airport|41.70869827|-86.31729889|799|NA|US|US-IN|South Bend|KSBN|SBN|SBN
KSDF|large_airport|Louisville International Standiford Field|38.17440033|-85.73600006|501|NA|US|US-KY|Louisville|KSDF|SDF|SDF
KSEA|large_airport|Seattle Tacoma International Airport|47.44900131|-122.3089981|433|NA|US|US-WA|Seattle|KSEA|SEA|SEA
KSFB|large_airport|Orlando Sanford International Airport|28.77759933|-81.23750305|55|NA|US|US-FL|Orlando|KSFB|SFB|SFB
KSFO|large_airport|San Francisco International Airport|37.61899948|-122.375|13|NA|US|US-CA|San Francisco|KSFO|SFO|SFO
KSGF|large_airport|Springfield Branson National Airport|37.24570084|-93.38860321|1268|NA|US|US-MO|Springfield|KSGF|SGF|SGF
KSHV|large_airport|Shreveport Regional Airport|32.44660187|-93.82559967|258|NA|US|US-LA|Shreveport|KSHV|SHV|SHV
KSJC|large_airport|Norman Y. Mineta San Jose International Airport|37.36259842|-121.9290009|62|NA|US|US-CA|San Jose|KSJC|SJC|SJC
KSKA|large_airport|Fairchild Air Force Base|47.61510086|-117.6559982|2461|NA|US|US-WA|Spokane|KSKA|SKA|SKA
KSLC|large_airport|Salt Lake City International Airport|40.78839874|-111.9779968|4227|NA|US|US-UT|Salt Lake City|KSLC|SLC|SLC
KSMF|large_airport|Sacramento International Airport|38.69540024|-121.5910034|27|NA|US|US-CA|Sacramento|KSMF|SMF|SMF
KSNA|large_airport|John Wayne Airport-Orange County Airport|33.67570114|-117.8679962|56|NA|US|US-CA|Santa Ana|KSNA|SNA|SNA
KSPI|large_airport|Abraham Lincoln Capital Airport|39.84410095|-89.67790222|598|NA|US|US-IL|Springfield|KSPI|SPI|SPI
KSPS|large_airport|Sheppard Air Force Base-Wichita Falls Municipal Airport|33.98880005|-98.49189758|1019|NA|US|US-TX|Wichita Falls|KSPS|SPS|SPS
KSRQ|large_airport|Sarasota Bradenton International Airport|27.39539909|-82.55439758|30|NA|US|US-FL|Sarasota/Bradenton|KSRQ|SRQ|SRQ
KSSC|large_airport|Shaw Air Force Base|33.97269821|-80.47059631|241|NA|US|US-SC|Sumter|KSSC||SSC
KSTL|large_airport|Lambert St Louis International Airport|38.74869919|-90.37000275|618|NA|US|US-MO|St Louis|KSTL|STL|STL
KSUS|large_airport|Spirit of St Louis Airport|38.66210175|-90.65200043|463|NA|US|US-MO|St Louis|KSUS||SUS
KSUU|large_airport|Travis Air Force Base|38.26269913|-121.927002|62|NA|US|US-CA|Fairfield|KSUU||SUU
KSUX|large_airport|Sioux Gateway Col. Bud Day Field|42.40259933|-96.38439941|1098|NA|US|US-IA|Sioux City|KSUX|SUX|SUX
KSYR|large_airport|Syracuse Hancock International Airport|43.11119843|-76.10630035|421|NA|US|US-NY|Syracuse|KSYR|SYR|SYR
KSZL|large_airport|Whiteman Air Force Base|38.7303009|-93.54789734|870|NA|US|US-MO|Knob Noster|KSZL||SZL
KTCM|large_airport|McChord Air Force Base|47.13769913|-122.4759979|322|NA|US|US-WA|Tacoma|KTCM|TCM|TCM
KTIK|large_airport|Tinker Air Force Base|35.41469955|-97.38659668|1291|NA|US|US-OK|Oklahoma City|KTIK||TIK
KTLH|large_airport|Tallahassee Regional Airport|30.39649963|-84.35030365|81|NA|US|US-FL|Tallahassee|KTLH|TLH|TLH
KTOL|large_airport|Toledo Express Airport|41.58679962|-83.80780029|683|NA|US|US-OH|Toledo|KTOL|TOL|TOL
KTPA|large_airport|Tampa International Airport|27.97550011|-82.53320313|26|NA|US|US-FL|Tampa|KTPA|TPA|TPA
KTRI|large_airport|Tri Cities Regional Tn Va Airport|36.47520065|-82.40740204|1519|NA|US|US-TN|Bristol/Johnson/Kingsport|KTRI|TRI|TRI
KTUL|large_airport|Tulsa International Airport|36.19839859|-95.88809967|677|NA|US|US-OK|Tulsa|KTUL|TUL|TUL
KTUS|large_airport|Tucson International Airport|32.11610031|-110.9410019|2643|NA|US|US-AZ|Tucson|KTUS|TUS|TUS
KTYS|large_airport|McGhee Tyson Airport|35.81100082|-83.9940033|981|NA|US|US-TN|Knoxville|KTYS|TYS|TYS
KVBG|large_airport|Vandenberg Air Force Base|34.73730087|-120.5839996|369|NA|US|US-CA|Lompoc|KVBG|VBG|VBG
KVPS|large_airport|Eglin Air Force Base|30.48320007|-86.52539825|87|NA|US|US-FL|Valparaiso|KVPS|VPS|VPS
KWRB|large_airport|Robins Air Force Base|32.64009857|-83.59190369|294|NA|US|US-GA|Warner Robins|KWRB|WRB|WRB
LATI|large_airport|Tirana International Airport Mother Teresa|41.41469955|19.72060013|126|EU|AL|AL-TR|Tirana|LATI|TIA|
LBBG|large_airport|Burgas Airport|42.56959915|27.51519966|135|EU|BG|BG-02|Burgas|LBBG|BOJ|
LBPD|large_airport|Plovdiv International Airport|42.06779861|24.85079956|597|EU|BG|BG-16|Plovdiv|LBPD|PDV|
LBSF|large_airport|Sofia Airport|42.69669342|23.41143608|1742|EU|BG|BG-23|Sofia|LBSF|SOF|
LBWN|large_airport|Varna Airport|43.23210144|27.82509995|230|EU|BG|BG-03|Varna|LBWN|VAR|
LCLK|large_airport|Larnaca International Airport|34.87509918|33.62490082|8|AS|CY|CY-04|Larnarca|LCLK|LCA|
LCPH|large_airport|Paphos International Airport|34.7179985|32.4856987|41|AS|CY|CY-06|Paphos|LCPH|PFO|
LDZA|large_airport|Zagreb Airport|45.74290085|16.06879997|353|EU|HR|HR-21|Zagreb|LDZA|ZAG|
LEAL|large_airport|Alicante International Airport|38.28219986|-0.558156013|142|EU|ES|ES-V|Alicante|LEAL|ALC|
LEBL|large_airport|Barcelona International Airport|41.29710007|2.078459978|12|EU|ES|ES-CT|Barcelona|LEBL|BCN|
LEMD|large_airport|Adolfo Suárez Madrid–Barajas Airport|40.4936|-3.56676|1998|EU|ES|ES-M|Madrid|LEMD|MAD|
LEMG|large_airport|Málaga Airport|36.67490005|-4.499110222|53|EU|ES|ES-AN|Málaga|LEMG|AGP|
LEPA|large_airport|Palma De Mallorca Airport|39.55170059|2.738810062|27|EU|ES|ES-PM|Palma De Mallorca|LEPA|PMI|
LEST|large_airport|Santiago de Compostela Airport|42.89630127|-8.415140152|1213|EU|ES|ES-GA|Santiago de Compostela|LEST|SCQ|
LFBD|large_airport|Bordeaux-Mérignac Airport|44.82830048|-0.715556026|162|EU|FR|FR-B|Bordeaux/Mérignac|LFBD|BOD|
LFBO|large_airport|Toulouse-Blagnac Airport|43.6291008|1.363819957|499|EU|FR|FR-N|Toulouse/Blagnac|LFBO|TLS|
LFML|large_airport|Marseille Provence Airport|43.43927192|5.221424103|74|EU|FR|FR-U|Marseille|LFML|MRS|
LFMN|large_airport|Nice-Côte d'Azur Airport|43.65840149|7.215869904|12|EU|FR|FR-U|Nice|LFMN|NCE|
LFOA|large_airport|Avord (BA 702) Air Base|47.05329895|2.632499933|580|EU|FR|FR-F|Avord|LFOA||
LFPG|large_airport|Charles de Gaulle International Airport|49.01279831|2.549999952|392|EU|FR|FR-J|Paris|LFPG|CDG|
LFPO|large_airport|Paris-Orly Airport|48.72529984|2.359440088|291|EU|FR|FR-J|Paris|LFPO|ORY|
LFSB|large_airport|EuroAirport Basel-Mulhouse-Freiburg Airport|47.58959961|7.529910088|885|EU|FR|FR-A|Bâle/Mulhouse|LFSB|BSL|
LGAV|large_airport|Eleftherios Venizelos International Airport|37.93640137|23.94449997|308|EU|GR|GR-A1|Athens|LGAV|ATH|
LGIR|large_airport|Heraklion International Nikos Kazantzakis Airport|35.33969879|25.18029976|115|EU|GR|GR-91|Heraklion|LGIR|HER|
LGTS|large_airport|Thessaloniki Macedonia International Airport|40.5196991|22.97089958|22|EU|GR|GR-54|Thessaloniki|LGTS|SKG|
LHBP|large_airport|Budapest Ferenc Liszt International Airport|47.43690109|19.25559998|495|EU|HU|HU-PE|Budapest|LHBP|BUD|
LIBD|large_airport|Bari Karol Wojtyła Airport|41.13890076|16.76059914|177|EU|IT|IT-75|Bari|LIBD|BRI|
LICC|large_airport|Catania-Fontanarossa Airport|37.46680069|15.06639957|39|EU|IT|IT-82|Catania|LICC|CTA|
LICJ|large_airport|Falcone–Borsellino Airport|38.17599869|13.0909996|65|EU|IT|IT-82|Palermo|LICJ|PMO|
LIEE|large_airport|Cagliari Elmas Airport|39.25149918|9.054280281|13|EU|IT|IT-88|Cagliari|LIEE|CAG|
LIMC|large_airport|Malpensa International Airport|45.63059998|8.728110313|768|EU|IT|IT-25|Milan|LIMC|MXP|
LIME|large_airport|Il Caravaggio International Airport|45.6739006|9.704170227|782|EU|IT|IT-25|Bergamo|LIME|BGY|
LIMF|large_airport|Turin Airport|45.20080185|7.64963007|989|EU|IT|IT-21|Torino|LIMF|TRN|
LIMJ|large_airport|Genoa Cristoforo Colombo Airport|44.41329956|8.837499619|13|EU|IT|IT-42|Genova|LIMJ|GOA|
LIML|large_airport|Linate Airport|45.44509888|9.276740074|353|EU|IT|IT-25|Milan|LIML|LIN|
LIMZ|large_airport|Cuneo International Airport|44.54700089|7.623219967|1267|EU|IT|IT-21|Cuneo|LIMZ|CUF|
LIPE|large_airport|Bologna Guglielmo Marconi Airport|44.53540039|11.2887001|123|EU|IT|IT-45|Bologna|LIPE|BLQ|
LIPH|large_airport|Treviso-Sant'Angelo Airport|45.64839935|12.19439983|59|EU|IT|IT-34|Treviso|LIPH|TSF|
LIPX|large_airport|Verona Villafranca Airport|45.39569855|10.88850021|239|EU|IT|IT-34|Verona|LIPX|VRN|
LIPZ|large_airport|Venice Marco Polo Airport|45.50529861|12.3519001|7|EU|IT|IT-34|Venice|LIPZ|VCE|
LIRA|large_airport|Ciampino–G. B. Pastine International Airport|41.79940033|12.59490013|427|EU|IT|IT-62|Roma|LIRA|CIA|
LIRF|large_airport|Leonardo da Vinci–Fiumicino Airport|41.80450058|12.25080013|15|EU|IT|IT-62|Rome|LIRF|FCO|
LIRN|large_airport|Naples International Airport|40.88600159|14.29080009|294|EU|IT|IT-72|Nápoli|LIRN|NAP|
LIRP|large_airport|Pisa International Airport|43.68389893|10.3927002|6|EU|IT|IT-52|Pisa|LIRP|PSA|
LJLJ|large_airport|Ljubljana Jože Pučnik Airport|46.22370148|14.45759964|1273|EU|SI|SI-061|Ljubljana|LJLJ|LJU|
LKPR|large_airport|Ruzyně International Airport|50.10079956|14.26000023|1247|EU|CZ|CZ-PR|Prague|LKPR|PRG|
LLBG|large_airport|Ben Gurion International Airport|32.01139832|34.88669968|135|AS|IL|IL-M|Tel Aviv|LLBG|TLV|
LLOV|large_airport|Ovda International Airport|29.94029999|34.93579865|1492|AS|IL|IL-D|Eilat|LLOV|VDA|
LMML|large_airport|Malta International Airport|35.857498|14.4775|300|EU|MT|MT-25|Luqa|LMML|MLA|
LOWW|large_airport|Vienna International Airport|48.11029816|16.56970024|600|EU|AT|AT-9|Vienna|LOWW|VIE|
LPFR|large_airport|Faro Airport|37.01440048|-7.965909958|24|EU|PT|PT-08|Faro|LPFR|FAO|
LPLA|large_airport|Lajes Field|38.76179886|-27.09079933|180|EU|PT|PT-20|Lajes|LPLA|TER|
LPPD|large_airport|João Paulo II Airport|37.74119949|-25.69790077|259|EU|PT|PT-20|Ponta Delgada|LPPD|PDL|
LPPR|large_airport|Francisco de Sá Carneiro Airport|41.24810028|-8.681389809|228|EU|PT|PT-13|Porto|LPPR|OPO|
LPPT|large_airport|Lisbon Portela Airport|38.78129959|-9.135919571|374|EU|PT|PT-11|Lisbon|LPPT|LIS|
LQSA|large_airport|Sarajevo International Airport|43.82460022|18.3314991|1708|EU|BA|BA-BIH|Sarajevo|LQSA|SJJ|
LROP|large_airport|Henri Coandă International Airport|44.57220078|26.10219955|314|EU|RO|RO-B|Bucharest|LROP|OTP|
LSGG|large_airport|Geneva Cointrin International Airport|46.23809814|6.108950138|1411|EU|CH|CH-GE|Geneva|LSGG|GVA|
LSZH|large_airport|Zürich Airport|47.46469879|8.54916954|1416|EU|CH|CH-ZH|Zurich|LSZH|ZRH|
LTAC|large_airport|Esenboğa International Airport|40.12810135|32.99509811|3125|AS|TR|TR-06|Ankara|LTAC|ESB|
LTAF|large_airport|Adana Airport|36.98220062|35.28039932|65|AS|TR|TR-01|Adana|LTAF|ADA|
LTAI|large_airport|Antalya International Airport|36.89870071|30.80050087|177|AS|TR|TR-07|Antalya|LTAI|AYT|
LTAJ|large_airport|Gaziantep International Airport|36.94720078|37.47869873|2315|AS|TR|TR-27|Gaziantep|LTAJ|GZT|
LTAZ|large_airport|Nevşehir Kapadokya International Airport|38.77190018|34.53450012|3100|AS|TR|TR-50|Nevşehir|LTAZ|NAV|
LTBA|large_airport|Atatürk International Airport|40.97689819|28.81459999|163|EU|TR|TR-34|Istanbul|LTBA|IST|
LTBJ|large_airport|Adnan Menderes International Airport|38.29240036|27.15699959|412|AS|TR|TR-35|İzmir|LTBJ|ADB|
LTBS|large_airport|Dalaman International Airport|36.71310043|28.79249954|20|AS|TR|TR-48|Dalaman|LTBS|DLM|
LTCE|large_airport|Erzurum International Airport|39.95650101|41.17020035|5763|AS|TR|TR-25|Erzurum|LTCE|ERZ|
LTCG|large_airport|Trabzon International Airport|40.99509811|39.78969955|104|AS|TR|TR-61|Trabzon|LTCG|TZX|
LTFC|large_airport|Süleyman Demirel International Airport|37.85540009|30.36840057|2835|AS|TR|TR-32|Isparta|LTFC|ISE|
LTFE|large_airport|Milas Bodrum International Airport|37.25059891|27.66430092|21|AS|TR|TR-48|Bodrum|LTFE|BJV|
LTFJ|large_airport|Sabiha Gökçen International Airport|40.89860153|29.30920029|312|AS|TR|TR-34|Istanbul|LTFJ|SAW|
LYBE|large_airport|Belgrade Nikola Tesla Airport|44.81840134|20.3090992|335|EU|RS|RS-00|Belgrade|LYBE|BEG|
LYPG|large_airport|Podgorica Airport|42.3594017|19.25189972|141|EU|ME|ME-16|Podgorica|LYPG|TGD|
LZIB|large_airport|M. R. Štefánik Airport|48.17020035|17.21269989|436|EU|SK|SK-BL|Bratislava|LZIB|BTS|
MDPC|large_airport|Punta Cana International Airport|18.56739998|-68.36340332|47|NA|DO|DO-11|Punta Cana|MDPC|PUJ|
MDSD|large_airport|Las Américas International Airport|18.42970085|-69.66889954|59|NA|DO|DO-01|Santo Domingo|MDSD|SDQ|
MKJP|large_airport|Norman Manley International Airport|17.93569946|-76.78749847|10|NA|JM|JM-01|Kingston|MKJP|KIN|
MMAA|large_airport|General Juan N Alvarez International Airport|16.75709915|-99.7539978|16|NA|MX|MX-GRO|Acapulco|MMAA|ACA|
MMGL|large_airport|Don Miguel Hidalgo Y Costilla International Airport|20.52179909|-103.310997|5016|NA|MX|MX-JAL|Guadalajara|MMGL|GDL|
MMHO|large_airport|General Ignacio P. Garcia International Airport|29.09589958|-111.0479965|627|NA|MX|MX-SON|Hermosillo|MMHO|HMO|
MMMX|large_airport|Licenciado Benito Juarez International Airport|19.43630028|-99.07209778|7316|NA|MX|MX-DIF|Mexico City|MMMX|MEX|
MMMY|large_airport|General Mariano Escobedo International Airport|25.7784996|-100.1070023|1278|NA|MX|MX-NLE|Monterrey|MMMY|MTY|
MMPR|large_airport|Licenciado Gustavo Díaz Ordaz International Airport|20.68009949|-105.2539978|23|NA|MX|MX-JAL|Puerto Vallarta|MMPR|PVR|
MMSD|large_airport|Los Cabos International Airport|23.15180016|-109.7210007|374|NA|MX|MX-BCS|San José del Cabo|MMSD|SJD|
MMTJ|large_airport|General Abelardo L. Rodríguez International Airport|32.54109955|-116.9700012|489|NA|MX|MX-BCN|Tijuana|MMTJ|TIJ|
MMUN|large_airport|Cancún International Airport|21.03650093|-86.87709808|22|NA|MX|MX-ROO|Cancún|MMUN|CUN|
MPTO|large_airport|Tocumen International Airport|9.071359634|-79.38349915|135|NA|PA|PA-8|Tocumen|MPTO|PTY|
MUHA|large_airport|José Martí International Airport|22.98920059|-82.40910339|210|NA|CU|CU-03|Havana|MUHA|HAV|
MUVR|large_airport|Juan Gualberto Gomez International Airport|23.03440094|-81.43530273|210|NA|CU|CU-04|Varadero|MUVR|VRA|
MWCR|large_airport|Owen Roberts International Airport|19.2928009|-81.35769653|8|NA|KY|KY-U-A|Georgetown|MWCR|GCM|
MYNN|large_airport|Lynden Pindling International Airport|25.03899956|-77.46620178|16|NA|BS|BS-NP|Nassau|MYNN|NAS|
MZBZ|large_airport|Philip S. W. Goldson International Airport|17.53910065|-88.30819702|15|NA|BZ|BZ-BZ|Belize City|MZBZ|BZE|
NCRG|large_airport|Rarotonga International Airport|-21.20269966|-159.8059998|19|OC|CK|CK-U-A|Avarua|NCRG|RAR|
NZAA|large_airport|Auckland International Airport|-37.0080986|174.7920074|23|OC|NZ|NZ-AUK|Auckland|NZAA|AKL|
NZCH|large_airport|Christchurch International Airport|-43.48939896|172.5319977|123|OC|NZ|NZ-CAN|Christchurch|NZCH|CHC|
NZWN|large_airport|Wellington International Airport|-41.32720184|174.8049927|41|OC|NZ|NZ-WGN|Wellington|NZWN|WLG|
OBBI|large_airport|Bahrain International Airport|26.27079964|50.63359833|6|AS|BH|BH-15|Manama|OBBI|BAH|
OEDF|large_airport|King Fahd International Airport|26.47120094|49.79790115|72|AS|SA|SA-04|Ad Dammam|OEDF|DMM|
OEDR|large_airport|King Abdulaziz Air Base|26.26539993|50.15200043|84|AS|SA|SA-04||OEDR|DHA|
OEJN|large_airport|King Abdulaziz International Airport|21.67959976|39.15650177|48|AS|SA|SA-02|Jeddah|OEJN|JED|
OEMA|large_airport|Prince Mohammad Bin Abdulaziz Airport|24.55340004|39.70510101|2151|AS|SA|SA-03|Medina|OEMA|MED|
OERK|large_airport|King Khaled International Airport|24.95759964|46.69879913|2049|AS|SA|SA-01|Riyadh|OERK|RUH|
OIIE|large_airport|Imam Khomeini International Airport|35.41609955|51.15219879|3305|AS|IR|IR-07|Tehran|OIIE|IKA|
OIII|large_airport|Mehrabad International Airport|35.68920135|51.31340027|3962|AS|IR|IR-07|Tehran|OIII|THR|
OIMM|large_airport|Mashhad International Airport|36.23519897|59.64099884|3263|AS|IR|IR-30|Mashhad|OIMM|MHD|
OISS|large_airport|Shiraz Shahid Dastghaib International Airport|29.53919983|52.58980179|4920|AS|IR|IR-14|Shiraz|OISS|SYZ|
OITT|large_airport|Tabriz International Airport|38.13389969|46.23500061|4459|AS|IR|IR-01|Tabriz|OITT|TBZ|
OJAI|large_airport|Queen Alia International Airport|31.72260094|35.99319839|2395|AS|JO|JO-AM|Amman|OJAI|AMM|
OKBK|large_airport|Kuwait International Airport|29.22660065|47.96889877|206|AS|KW|KW-FA|Kuwait City|OKBK|KWI|
OLBA|large_airport|Beirut Rafic Hariri International Airport|33.82089996|35.48839951|87|AS|LB|LB-JL|Beirut|OLBA|BEY|
OM-0003|large_airport|Duqm Jaaluni Airport|19.50222222|57.63444444|390|AS|OM|OM-WU|Duqm||JNJ|
OM-0004|large_airport|Rustaq Airport|23.64055556|57.4875|349|AS|OM|OM-BA|Al Muladdah|OORQ||
OMAA|large_airport|Abu Dhabi International Airport|24.43300056|54.65110016|88|AS|AE|AE-AZ|Abu Dhabi|OMAA|AUH|
OMDB|large_airport|Dubai International Airport|25.25279999|55.36439896|62|AS|AE|AE-DU|Dubai|OMDB|DXB|
OMDW|large_airport|Al Maktoum International Airport|24.89666667|55.16138889|114|AS|AE|AE-DU|Jebel Ali|OMDW|DWC|
OMSJ|large_airport|Sharjah International Airport|25.32859993|55.51720047|111|AS|AE|AE-SH|Sharjah|OMSJ|SHJ|
OOMS|large_airport|Muscat International Airport|23.59329987|58.28440094|48|AS|OM|OM-MA|Muscat|OOMS|MCT|
OPRN|large_airport|Benazir Bhutto International Airport|33.61669922|73.09919739|1668|AS|PK|PK-IS|Islamabad|OPRN|ISB|
OPST|large_airport|Sialkot Airport|32.53555679|74.3638916|837|AS|PK|PK-PB|Sialkot|OPST|SKT|
ORBI|large_airport|Baghdad International Airport|33.26250076|44.23460007|114|AS|IQ|IQ-BG|Baghdad|ORBI|BGW|
ORMM|large_airport|Basrah International Airport|30.54910088|47.66210175|11|AS|IQ|IQ-BA|Basrah|ORMM|BSR|
OSAP|large_airport|Aleppo International Airport|36.18069839|37.22439957|1276|AS|SY|SY-HL|Aleppo|OSAP|ALP|
OSDI|large_airport|Damascus International Airport|33.41149902|36.5155983|2020|AS|SY|SY-DI|Damascus|OSDI|DAM|
OSLK|large_airport|Bassel Al-Assad International Airport|35.40110016|35.94869995|157|AS|SY|SY-LA|Latakia|OSLK|LTK|
PAFA|large_airport|Fairbanks International Airport|64.81510162|-147.8560028|439|NA|US|US-AK|Fairbanks|PAFA|FAI|FAI
PANC|large_airport|Ted Stevens Anchorage International Airport|61.17440033|-149.9960022|152|NA|US|US-AK|Anchorage|PANC|ANC|ANC
PH-0001|large_airport|Laguindingan Airport|8.612203|124.456496|190|AS|PH|PH-MSR|Cagayan de Oro City|RPMY|CGY|
PHNL|large_airport|Honolulu International Airport|21.31870079|-157.9219971|13|NA|US|US-HI|Honolulu|PHNL|HNL|HNL
PK-0001|large_airport|(Under construction) New Islamabad International Airport|33.560714|72.851614|646|AS|PK|PK-PB|Islamabad|||
PR20|large_airport|Michael Gonzalez Airport|18.18020058|-66.75689697|2340|NA|PR|PR-U-A|Adjuntas|PR20||PR20
QA-0001|large_airport|Hamad International Airport|25.273056|51.608056|13|AS|QA|QA-DA|Doha|OTHH|DOH|
RCBS|large_airport|Kinmen Airport|24.42790031|118.3590012|93|AS|TW|TW-X-KM|Shang-I|RCBS|KNH|
RCKH|large_airport|Kaohsiung International Airport|22.57710075|120.3499985|31|AS|TW|TW-KHH|Kaohsiung City|RCKH|KHH|
RCTP|large_airport|Taiwan Taoyuan International Airport|25.07769966|121.2330017|106|AS|TW|TW-TAO|Taipei|RCTP|TPE|
RJAA|large_airport|Narita International Airport|35.76470184|140.3860016|141|AS|JP|JP-12|Tokyo|RJAA|NRT|
RJBB|large_airport|Kansai International Airport|34.4272995|135.2440033|26|AS|JP|JP-27|Osaka|RJBB|KIX|
RJCC|large_airport|New Chitose Airport|42.77519989|141.6920013|82|AS|JP|JP-01|Chitose / Tomakomai|RJCC|CTS|
RJFF|large_airport|Fukuoka Airport|33.58589935|130.451004|32|AS|JP|JP-40|Fukuoka|RJFF|FUK|
RJFK|large_airport|Kagoshima Airport|31.80340004|130.7189941|906|AS|JP|JP-46|Kagoshima|RJFK|KOJ|
RJGG|large_airport|Chubu Centrair International Airport|34.85839844|136.8049927|15|AS|JP|JP-23|Tokoname|RJGG|NGO|
rjns|large_airport|Mt. Fuji Shizuoka Airport|34.79604347|138.1877518|433|AS|JP|JP-22|Makinohara / Shimada|RJNS|FSZ|
RJOO|large_airport|Osaka International Airport|34.78549957|135.4380035|50|AS|JP|JP-27|Osaka|RJOO|ITM|
RJTT|large_airport|Tokyo International Airport|35.5522995|139.7799988|35|AS|JP|JP-13|Tokyo|RJTT|HND|
RJTY|large_airport|Yokota Air Base|35.74850082|139.3480072|463|AS|JP|JP-13|Fussa|RJTY|OKO|
RKJB|large_airport|Muan International Airport|34.991406|126.382814||AS|KR|KR-U-A||RKJB|MWX|
RKJK|large_airport|Kunsan Air Base|35.90380096|126.6159973|29|AS|KR|KR-45|Kunsan|RKJK|KUV|
RKPC|large_airport|Jeju International Airport|33.51129913|126.4929962|118|AS|KR|KR-49|Jeju City|RKPC|CJU|
RKPK|large_airport|Gimhae International Airport|35.17950058|128.9380035|6|AS|KR|KR-26|Busan|RKPK|PUS|
RKSI|large_airport|Incheon International Airport|37.46910095|126.4509964|23|AS|KR|KR-28|Seoul|RKSI|ICN|
RKSO|large_airport|Osan Air Base|37.09059906|127.0299988|38|AS|KR|KR-41||RKSO|OSN|
RKSS|large_airport|Gimpo International Airport|37.55830002|126.7910004|58|AS|KR|KR-11|Seoul|RKSS|GMP|
RKTU|large_airport|Cheongju International Airport|36.71659851|127.4990005|191|AS|KR|KR-43|Cheongju|RKTU|CJJ|
ROAH|large_airport|Naha Airport|26.19580078|127.6460037|12|AS|JP|JP-47|Naha|ROAH|OKA|
RODN|large_airport|Kadena Air Base|26.35560036|127.7679977|143|AS|JP|JP-47||RODN|DNA|
RPLC|large_airport|Clark International Airport|15.18599987|120.5599976|484|AS|PH|PH-PAM|Angeles City|RPLC|CRK|
RPLL|large_airport|Ninoy Aquino International Airport|14.50860024|121.0199966|75|AS|PH|PH-U-A|Manila|RPLL|MNL|
RPMD|large_airport|Francisco Bangoy International Airport|7.125520229|125.6460037|96|AS|PH|PH-DAV|Davao City|RPMD|DVO|
RPVM|large_airport|Mactan Cebu International Airport|10.30749989|123.9789963|31|AS|PH|PH-CEB|Lapu-Lapu City|RPVM|CEB|
RU-0016|large_airport|Lipetsk Air Base|52.63499832|39.44499969|636|EU|RU|RU-LIP|Lipetsk|||
RU-0035|large_airport|Grozny North Airport|43.38830185|45.69860077||EU|RU|RU-CE|Grozny|URMG|GRV|
RU-2244|large_airport|Ukrainka Air Base|51.16999817|128.4450073|771|AS|RU|RU-AMU|Belogorsk|||
RU-4464|large_airport|Olenya Air Base|68.15180206|33.46390152|702|EU|RU|RU-MUR|Olenegorsk|||
SAEZ|large_airport|Ministro Pistarini International Airport|-34.8222|-58.5358|67|SA|AR|AR-B|Buenos Aires|SAEZ|EZE|EZE
SBBE|large_airport|Val de Cans/Júlio Cezar Ribeiro International Airport|-1.37925005|-48.47629929|54|SA|BR|BR-PA|Belém|SBBE|BEL|
SBBR|large_airport|Presidente Juscelino Kubistschek International Airport|-15.86916733|-47.92083359|3497|SA|BR|BR-DF|Brasília|SBBR|BSB|
SBCF|large_airport|Tancredo Neves International Airport|-19.62444305|-43.9719429|2715|SA|BR|BR-MG|Belo Horizonte|SBCF|CNF|
SBCT|large_airport|Afonso Pena Airport|-25.5284996|-49.17580032|2988|SA|BR|BR-PR|Curitiba|SBCT|CWB|
SBFL|large_airport|Hercílio Luz International Airport|-27.67027855|-48.55250168|16|SA|BR|BR-SC|Florianópolis|SBFL|FLN|
SBGL|large_airport|RIOgaleão – Tom Jobim International Airport|-22.80999947|-43.25055695|28|SA|BR|BR-RJ|Rio De Janeiro|SBGL|GIG|
SBGR|large_airport|Guarulhos - Governador André Franco Montoro International Airport|-23.43555641|-46.47305679|2459|SA|BR|BR-SP|São Paulo|SBGR|GRU|
SBSG|large_airport|Governador Aluízio Alves International Airport|-5.768056|-35.376111|272|SA|BR|BR-RN|Natal|SBSG|NAT|
SBSP|large_airport|Congonhas Airport|-23.62611008|-46.65638733|2631|SA|BR|BR-SP|São Paulo|SBSP|CGH|
SBSV|large_airport|Deputado Luiz Eduardo Magalhães International Airport|-12.9086113|-38.32249832|64|SA|BR|BR-BA|Salvador|SBSV|SSA|
SCEL|large_airport|Comodoro Arturo Merino Benítez International Airport|-33.39300156|-70.78579712|1555|SA|CL|CL-RM|Santiago|SCEL|SCL|
SELT|large_airport|Cotopaxi International Airport|-0.906832993|-78.61579895|9205|SA|EC|EC-X|Latacunga|SELT|LTX|
SEQM|large_airport|Mariscal Sucre International Airport|-0.129166667|-78.3575|9200|SA|EC|EC-P|Quito|SEQM|UIO|UIO
SKBO|large_airport|El Dorado International Airport|4.70159|-74.1469|8361|SA|CO|CO-CUN|Bogota|SKBO|BOG|BOG
SPIM|large_airport|Jorge Chávez International Airport|-12.02190018|-77.11430359|113|SA|PE|PE-LIM|Lima|SPIM|LIM|
SPZO|large_airport|Alejandro Velasco Astete International Airport|-13.53569984|-71.938797|10860|SA|PE|PE-CUS|Cusco|SPZO|CUZ|
SUMU|large_airport|Carrasco International /General C L Berisso Airport|-34.83840179|-56.03079987|105|SA|UY|UY-MO|Montevideo|SUMU|MVD|
TJSJ|large_airport|Luis Munoz Marin International Airport|18.43939972|-66.00180054|9|NA|PR|PR-U-A|San Juan|TJSJ|SJU|SJU
TN-0002|large_airport|Enfidha - Hammamet International Airport|36.075833|10.438611|21|AF|TN|TN-51|Enfidha|DTNH|NBE|
TNCM|large_airport|Princess Juliana International Airport|18.04100037|-63.10889816|13|NA|SX|SX-U-A|Saint Martin|TNCM|SXM|
UAAA|large_airport|Almaty Airport|43.35210037|77.04049683|2234|AS|KZ|KZ-ALM|Almaty|UAAA|ALA|
UACC|large_airport|Astana International Airport|51.02220154|71.46690369|1165|AS|KZ|KZ-AKM|Astana|UACC|TSE|
UAFM|large_airport|Manas International Airport|43.06129837|74.4776001|2058|AS|KG|KG-C|Bishkek|UCFM|FRU|
UAKK|large_airport|Sary-Arka Airport|49.67079926|73.33439636|1765|AS|KZ|KZ-KAR|Karaganda|UAKK|KGF|
UBBB|large_airport|Heydar Aliyev International Airport|40.46749878|50.04669952|10|AS|AZ|AZ-BA|Baku|UBBB|GYD|
UDYZ|large_airport|Zvartnots International Airport|40.14730072|44.39590073|2838|AS|AM|AM-ER|Yerevan|UDYZ|EVN|
UGTB|large_airport|Tbilisi International Airport|41.6692009|44.95470047|1624|AS|GE|GE-TB|Tbilisi|UGTB|TBS|
UKBB|large_airport|Boryspil International Airport|50.34500122|30.8946991|427|EU|UA|UA-32|Kiev|UKBB|KBP|
UKCC|large_airport|Donetsk International Airport|48.07360077|37.73970032|791|EU|UA|UA-14|Donetsk|UKCC|DOK|
UKFF|large_airport|Simferopol International Airport|45.05220032|33.97510147|639|EU|UA|UA-43|Simferopol|UKFF|SIP|
UKHH|large_airport|Kharkiv International Airport|49.92480087|36.29000092|508|EU|UA|UA-63|Kharkiv|UKHH|HRK|
UKOO|large_airport|Odessa International Airport|46.42679977|30.67650032|172|EU|UA|UA-51|Odessa|UKOO|ODS|
ULLI|large_airport|Pulkovo Airport|59.8003006|30.26250076|78|EU|RU|RU-SPE|St. Petersburg|ULLI|LED|
UMMS|large_airport|Minsk International Airport|53.88249969|28.03070068|670|EU|BY|BY-MI|Minsk|UMMS|MSQ|
UNKL|large_airport|Yemelyanovo Airport|56.17290115|92.49330139|942|AS|RU|RU-KYA|Krasnoyarsk|UNKL|KJA|
URSS|large_airport|Sochi International Airport|43.44990158|39.95660019|89|EU|RU|RU-KDA|Sochi|URSS|AER|
USSS|large_airport|Koltsovo Airport|56.74309921|60.80270004|764|AS|RU|RU-SVE|Yekaterinburg|USSS|SVX|
UTTT|large_airport|Tashkent International Airport|41.25790024|69.28119659|1417|AS|UZ|UZ-TO|Tashkent|UTTT|TAS|
UUBW|large_airport|Ramenskoye Airport|55.55329895|38.15000153|377|EU|RU|RU-MOS|Zhukovsky|UUBW||
UUDD|large_airport|Domodedovo International Airport|55.40879822|37.90629959|588|EU|RU|RU-MOS|Moscow|UUDD|DME|
UUEE|large_airport|Sheremetyevo International Airport|55.97259903|37.41460037|622|EU|RU|RU-MOS|Moscow|UUEE|SVO|
UUMU|large_airport|Chkalovskiy Airport|55.87829971|38.06169891|499|EU|RU|RU-MOS|Moscow|UUMU|CKL|UUM1
UUWW|large_airport|Vnukovo International Airport|55.59149933|37.26150131|685|EU|RU|RU-MOS|Moscow|UUWW|VKO|
UWUU|large_airport|Ufa International Airport|54.55749893|55.87440109|449|EU|RU|RU-BA|Ufa|UWUU|UFA|
UWWW|large_airport|Kurumoch International Airport|53.50490189|50.16429901|477|EU|RU|RU-SAM|Samara|UWWW|KUF|
VABB|large_airport|Chhatrapati Shivaji International Airport|19.08869934|72.86789703|39|AS|IN|IN-MM|Mumbai|VABB|BOM|
VAGO|large_airport|Dabolim Airport|15.38080025|73.83139801|150|AS|IN|IN-GA|Vasco da Gama|VOGO|GOI|
VCBI|large_airport|Bandaranaike International Colombo Airport|7.180759907|79.88410187|30|AS|LK|LK-1|Colombo|VCBI|CMB|
VCRI|large_airport|Mattala Rajapaksa International Airport|6.284467|81.124128||AS|LK|LK-3||VCRI|HRI|
VDPP|large_airport|Phnom Penh International Airport|11.54660034|104.8440018|40|AS|KH|KH-8|Phnom Penh|VDPP|PNH|
VDSR|large_airport|Siem Reap International Airport|13.41069984|103.8130035|60|AS|KH|KH-17|Siem Reap|VDSR|REP|
VECC|large_airport|Netaji Subhash Chandra Bose International Airport|22.65469933|88.44670105|16|AS|IN|IN-WB|Kolkata|VECC|CCU|
VHHH|large_airport|Chek Lap Kok International Airport|22.30890083|113.9150009|28|AS|HK|HK-U-A|Hong Kong|VHHH|HKG|
VIAR|large_airport|Sri Guru Ram Dass Jee International Airport|31.70960045|74.79730225|756|AS|IN|IN-PB|Amritsar|VIAR|ATQ|
VIDP|large_airport|Indira Gandhi International Airport|28.56649971|77.10310364|777|AS|IN|IN-DL|New Delhi|VIDP|DEL|
VISM|large_airport|Shimla Airport|31.08180046|77.06800079|5072|AS|IN|IN-HP||VISM|SLV|
VMMC|large_airport|Macau International Airport|22.14959908|113.5920029|20|AS|MO|MO-U-A|Taipa|VMMC|MFM|
VOBL|large_airport|Bengaluru International Airport|13.19789982|77.70629883|3000|AS|IN|IN-KA|Bangalore|VOBL|BLR|
VOCI|large_airport|Cochin International Airport|10.15200043|76.40190125|30|AS|IN|IN-KL|Cochin|VOCI|COK|
VOCL|large_airport|Calicut International Airport|11.13679981|75.95529938|342|AS|IN|IN-KL|Calicut|VOCL|CCJ|
VOHS|large_airport|Rajiv Gandhi International Airport|17.23131752|78.42985535|2024|AS|IN|IN-AP|Hyderabad|VOHS|HYD|
VOMM|large_airport|Chennai International Airport|12.99000549|80.16929626|52|AS|IN|IN-TN|Chennai|VOMM|MAA|
VOTV|large_airport|Trivandrum International Airport|8.48211956|76.92009735|15|AS|IN|IN-KL|Trivandrum|VOTV|TRV|
VRMM|large_airport|Malé International Airport|4.191830158|73.52909851|6|AS|MV|MV-MLE|Malé|VRMM|MLE|
VTBD|large_airport|Don Mueang International Airport|13.91259956|100.6070023|9|AS|TH|TH-10|Bangkok|VTBD|DMK|
VTBS|large_airport|Suvarnabhumi Airport|13.68109989|100.7470016|5|AS|TH|TH-10|Bangkok|VTBS|BKK|
VTCC|large_airport|Chiang Mai International Airport|18.76679993|98.96260071|1036|AS|TH|TH-50|Chiang Mai|VTCC|CNX|
VVDN|large_airport|Da Nang International Airport|16.04389954|108.1989975|33|AS|VN|VN-60|Da Nang|VVDN|DAD|
VVNB|large_airport|Noi Bai International Airport|21.22120094|105.8069992|39|AS|VN|VN-15|Hanoi|VVNB|HAN|
VVTS|large_airport|Tan Son Nhat International Airport|10.81879997|106.6520004|33|AS|VN|VN-23|Ho Chi Minh City|VVTS|SGN|
VYMD|large_airport|Mandalay International Airport|21.70219994|95.97789764|300|AS|MM|MM-04|Mandalay|VYMD|MDL|
VYYY|large_airport|Yangon International Airport|16.90730095|96.1332016|109|AS|MM|MM-06|Yangon|VYYY|RGN|
WAAA|large_airport|Hasanuddin International Airport|-5.061629772|119.5540009|47|AS|ID|ID-SN|Ujung Pandang-Celebes Island|WAAA|UPG|
WADD|large_airport|Ngurah Rai (Bali) International Airport|-8.748169899|115.1669998|14|AS|ID|ID-BA|Denpasar-Bali Island|WADD|DPS|
WARR|large_airport|Juanda International Airport|-7.379829884|112.7870026|9|AS|ID|ID-JI|Surabaya|WARR|SUB|
WBSB|large_airport|Brunei International Airport|4.944200039|114.9280014|73|AS|BN|BN-BM|Bandar Seri Begawan|WBSB|BWN|
WIII|large_airport|Soekarno-Hatta International Airport|-6.12556982|106.6559982|34|AS|ID|ID-BT|Jakarta|WIII|CGK|
WMKK|large_airport|Kuala Lumpur International Airport|2.745579958|101.7099991|69|AS|MY|MY-14|Kuala Lumpur|WMKK|KUL|
WSSS|large_airport|Singapore Changi International Airport|1.350190043|103.9940033|22|AS|SG|SG-04|Singapore|WSSS|SIN|
YBBN|large_airport|Brisbane International Airport|-27.38419914|153.1170044|13|OC|AU|AU-QLD|Brisbane|YBBN|BNE|
YMML|large_airport|Melbourne International Airport|-37.6733017|144.8430023|434|OC|AU|AU-VIC|Melbourne|YMML|MEL|
YPPH|large_airport|Perth International Airport|-31.94029999|115.9670029|67|OC|AU|AU-WA|Perth|YPPH|PER|
YSCB|large_airport|Canberra International Airport|-35.30690002|149.1950073|1886|OC|AU|AU-ACT|Canberra|YSCB|CBR|
YSSY|large_airport|Sydney Kingsford Smith International Airport|-33.94609833|151.177002|21|OC|AU|AU-NSW|Sydney|YSSY|SYD|
ZBAA|large_airport|Beijing Capital International Airport|40.08010101|116.5849991|116|AS|CN|CN-11|Beijing|ZBAA|PEK|
ZBNY|large_airport|Beijing Nanyuan Airport|39.78279877|116.3880005||AS|CN|CN-11|Beijing|ZBNY|NAY|
ZBTJ|large_airport|Tianjin Binhai International Airport|39.12440109|117.3460007|10|AS|CN|CN-12|Tianjin|ZBTJ|TSN|
ZBYN|large_airport|Taiyuan Wusu Airport|37.74689865|112.6279984|2575|AS|CN|CN-14|Taiyuan|ZBYN|TYN|
ZGGG|large_airport|Guangzhou Baiyun International Airport|23.39240074|113.2990036|50|AS|CN|CN-44|Guangzhou|ZGGG|CAN|
ZGHA|large_airport|Changsha Huanghua International Airport|28.18919945|113.2200012|217|AS|CN|CN-43|Changsha|ZGHA|CSX|
ZGKL|large_airport|Guilin Liangjiang International Airport|25.21809959|110.0390015|570|AS|CN|CN-45|Guilin City|ZGKL|KWL|
ZGNN|large_airport|Nanning Wuxu Airport|22.60829926|108.1719971|421|AS|CN|CN-45|Nanning|ZGNN|NNG|
ZGSZ|large_airport|Shenzhen Bao'an International Airport|22.63929939|113.810997|13|AS|CN|CN-44|Shenzhen|ZGSZ|SZX|
ZHCC|large_airport|Zhengzhou Xinzheng International Airport|34.5196991|113.8410034|495|AS|CN|CN-41|Zhengzhou|ZHCC|CGO|
ZHHH|large_airport|Wuhan Tianhe International Airport|30.78380013|114.2080002|113|AS|CN|CN-42|Wuhan|ZHHH|WUH|
ZJHK|large_airport|Haikou Meilan International Airport|19.93490028|110.4589996|75|AS|CN|CN-46|Haikou|ZJHK|HAK|
ZJSY|large_airport|Sanya Phoenix International Airport|18.30290031|109.4120026|92|AS|CN|CN-46|Sanya|ZJSY|SYX|
ZLXY|large_airport|Xi'an Xianyang International Airport|34.44710159|108.7519989|1572|AS|CN|CN-61|Xianyang|ZLXY|XIY|
ZPPP|large_airport|Kunming Wujiaba International Airport|24.99239922|102.7440033|6217|AS|CN|CN-53|Kunming|ZPPP|KMG|
ZSAM|large_airport|Xiamen Gaoqi International Airport|24.54400063|118.1279984|59|AS|CN|CN-35|Xiamen|ZSAM|XMN|
ZSFZ|large_airport|Fuzhou Changle International Airport|25.93510056|119.663002|46|AS|CN|CN-35|Fuzhou|ZSFZ|FOC|
ZSHC|large_airport|Hangzhou Xiaoshan International Airport|30.22949982|120.4339981|23|AS|CN|CN-33|Hangzhou|ZSHC|HGH|
ZSJN|large_airport|Yaoqiang Airport|36.85720062|117.2160034|76|AS|CN|CN-37|Jinan|ZSJN|TNA|
ZSNB|large_airport|Ningbo Lishe International Airport|29.82670021|121.461998|13|AS|CN|CN-33|Ningbo|ZSNB|NGB|
ZSNJ|large_airport|Nanjing Lukou Airport|31.74200058|118.8619995|49|AS|CN|CN-32|Nanjing|ZSNJ|NKG|
ZSPD|large_airport|Shanghai Pudong International Airport|31.14340019|121.8050003|13|AS|CN|CN-31|Shanghai|ZSPD|PVG|
ZSSS|large_airport|Shanghai Hongqiao International Airport|31.19790077|121.3359985|10|AS|CN|CN-31|Shanghai|ZSSS|SHA|
ZSWZ|large_airport|Wenzhou Yongqiang Airport|27.91220093|120.8519974||AS|CN|CN-33|Wenzhou|ZSWZ|WNZ|
ZUCK|large_airport|Chongqing Jiangbei International Airport|29.71920013|106.6419983|1365|AS|CN|CN-50|Chongqing|ZUCK|CKG|
ZUGY|large_airport|Longdongbao Airport|26.53849983|106.8010025|3736|AS|CN|CN-52|Guiyang|ZUGY|KWE|
ZUUU|large_airport|Chengdu Shuangliu International Airport|30.57850075|103.9469986|1625|AS|CN|CN-51|Chengdu|ZUUU|CTU|
ZWWW|large_airport|Ürümqi Diwopu International Airport|43.90710068|87.47419739|2125|AS|CN|CN-65|Ürümqi|ZWWW|URC|
ZYHB|large_airport|Taiping Airport|45.62340164|126.25|457|AS|CN|CN-23|Harbin|ZYHB|HRB|
ZYTL|large_airport|Zhoushuizi Airport|38.96569824|121.5390015|107|AS|CN|CN-21|Dalian|ZYTL|DLC|
ZYTX|large_airport|Taoxian Airport|41.63980103|123.4830017|198|AS|CN|CN-21|Shenyang|ZYTX|SHE|
